ingredient_id,ingredient_name,category,subcategory
109647,1% milk,dairy,
108183,acai,fruit,
108864,achiote,other,
107883,acorn squash,nuts/seeds/grains,
108895,activated charcoal,other,
109898,adobada,other,
107975,adobo,other,
109900,affogato,other,
109694,agar agar,other,
108017,agave,sweetener,
109683,agave syrup,other,
109901,aged,other,
108027,aged balsamic vinegar,other,
109737,agnolotti,other,
108612,agrodolce,other,
108153,aguas frescas,sweetener,
109903,ahi,other,
109191,ahi tuna,other,
109127,aioli,fats/oils,
108634,aji,other,
110498,aji amarillo,other,
110499,aji verde,other,
109904,ajillo,other,
109905,ajo,other,
109906,alambre,other,
109907,albacore,other,
108065,albacore tuna,fortifier,
108246,aleppo pepper,other,
109287,alfalfa,fortifier,
109476,alfredo,dairy,
109908,alfredo sauce,other,
108486,alkaline water,other,
109617,all natural,other,
109738,all purpose flour,other,
108264,allspice,other,
108173,almond,nuts/seeds/grains,
109739,almond butter,other,
109118,almond milk,nuts/seeds/grains,
108274,aloe,other,
108806,aloe vera,other,
108281,alternative flour,nuts/seeds/grains,
108719,amaranth,nuts/seeds/grains,
109909,americano,other,
108251,anaheim pepper,other,
109911,ancho,other,
108433,ancho pepper,other,
109081,anchovy,other,
108313,ancient grain,nuts/seeds/grains,
109182,andouille,other,
109912,andouille sausage,other,
109913,anejo,other,
109741,angel hair,other,
108779,anise,other,
108289,anti-inflammatory,other,
108299,antibiotic free,other,
109296,antioxidant,other,
109914,aperol,other,
108373,apple,fruit,
109915,apple butter,other,
109680,apple cider,fruit,
108033,apple cider vinaigrette,fats/oils,
109322,apple cider vinegar,other,
109917,apple juice,other,
108338,apple pie,fruit,
108587,applesauce,fruit,
109918,applewood,other,
110432,applewood smoked bacon,other,
108362,apricot,fruit,
109920,arbol,other,
108315,arborio,nuts/seeds/grains,
107992,arrabbiata,other,
109921,arrabbiata sauce,other,
109922,arrachera,other,
108106,artichoke,other,
109065,arugula,other,
109867,asiago,other,
109924,asiago cheese,other,
109153,asian dressing,other,
108318,asian pear,fruit,
109291,asparagus,fortifier,
108896,astragalus,other,
108969,atchara,other,
108094,au gratin,other,
108614,au poivre,other,
109585,authentic,other,
107968,avocado,fruit,
108024,avocado dressing,fats/oils,
108021,avocado oil,fats/oils,
108971,ayran,dairy,
109926,añejo,other,
109431,baby carrot,vegetable,
109071,baby spinach,fortifier,
108235,bacon,fats/oils,
110434,bacon bits,other,
110435,bacon jam,other,
109928,bagel,other,
109743,baguette,other,
108856,baharat,other,
109488,baked bean,fortifier,
109744,baking powder,other,
108825,balsamic,other,
110622,balsamic glaze,other,
108032,balsamic reduction,sweetener,
109930,balsamic vinaigrette,other,
108982,balsamic vinegar,other,
108214,banana,fruit,
109387,banana pepper,other,
110631,banana pudding,other,
108640,bang bang sauce,other,
108080,barbacoa,fortifier,
109931,barbecue sauce,other,
108122,barley,nuts/seeds/grains,
108597,basil,herbs/spices,
109160,basil vinaigrette,fats/oils,
109932,basmati,other,
109315,basmati rice,nuts/seeds/grains,
109933,basque,other,
109934,bass,other,
109935,batter,other,
109936,bay,other,
109277,bay leaf,other,
109473,bbq,other,
109937,bbq pulled pork,other,
109746,bbq sauce,other,
109611,bean,nuts/seeds/grains,
109166,bean sprout,nuts/seeds/grains,
108016,bearnaise,fats/oils,
109747,beaufort,other,
107994,bechamel,dairy,
108897,bee pollen,fortifier,
109895,beef,other,
108672,beef bacon,fats/oils,
109938,beef brisket,other,
108670,beef shank,other,
109748,beef stock,other,
109173,beef tenderloin,fortifier,
108332,beer,other,
109548,beer battered,other,
110670,beer cheese,other,
108111,beet,other,
107918,beet sugar,sweetener,
109939,bell,other,
109749,bell pepper,other,
109350,bellini,other,
108863,berbere,other,
108475,bergamot,other,
108236,berry,fruit,
109940,beurre,other,
108624,beurre blanc,fats/oils,
107869,bibb lettuce,other,
108077,birria,fortifier,
108378,birthday cake,sweetener,
110689,biscoff,other,
108393,biscotti,nuts/seeds/grains,
109941,biscuit,other,
109942,biscuits,other,
108075,bison,fortifier,
109943,bisque,other,
109945,bitters,other,
108382,black and white,other,
109490,black bean,nuts/seeds/grains,
109054,black cherry,fruit,
108116,black eye pea,nuts/seeds/grains,
108352,black forest,other,
107905,black garlic,other,
109375,black olive,other,
108966,black pepper,other,
108874,black rice,nuts/seeds/grains,
108457,black salt,other,
108142,black sesame,nuts/seeds/grains,
108569,black sugar,sweetener,
108217,black tea,other,
108544,black vinegar,other,
107826,blackberry,fruit,
109946,blackberry jam,other,
108778,blackcurrant,fruit,
109538,blackened,other,
109221,blanched,other,
109947,blanco,other,
109948,bleu,other,
109474,bleu cheese dressing,dairy,
108092,blistered,other,
108015,blood orange,fruit,
108651,blood orange vinaigrette,fats/oils,
108412,bloody maria,other,
109667,bloody mary,other,
109949,blt,other,
109751,blue cheese,other,
109950,blue cheese dressing,other,
108224,blue moon,other,
107832,blueberry,fruit,
107876,bok choy,vegetable,
109952,bolillo,other,
108933,bomba rice,nuts/seeds/grains,
109954,bone,other,
108146,bone broth,other,
108049,bone marrow,fortifier,
109955,boneless,other,
109956,boneless wings,other,
107894,bonito flake,other,
108625,bordelaise,other,
108549,bottarga,other,
109140,bourbon,other,
109957,bowl,other,
109211,braised,other,
109958,brandy,other,
108688,branzino,other,
109177,bratwurst,other,
109959,bread,other,
108869,bread fruit,fruit,
109883,breadcrumbs,other,
109961,breaded fish fillet,other,
109340,breakfast,other,
109962,breast,other,
108545,bresaola,other,
109869,brick,other,
109754,brick cheese,other,
109870,brie,other,
108090,brined,other,
109964,brioche,other,
109517,brisket,fats/oils,
109385,broccoli,fortifier,
107870,broccoli rabe,other,
107882,broccolini,fortifier,
109527,broiled,other,
108706,bronzed,other,
109965,broth,other,
107995,brown butter,fats/oils,
109966,brown gravy,other,
109609,brown rice,nuts/seeds/grains,
108170,brown sugar,sweetener,
109592,brownie,other,
109967,brussel,other,
109968,brussels,other,
109061,brussels sprouts,other,
108151,bubble tea,other,
110811,bubbly,other,
109755,bucatini,other,
108119,buckwheat,nuts/seeds/grains,
109161,buffalo,other,
108988,buffalo milk,dairy,
110816,buffalo ranch,other,
109969,buffalo sauce,other,
108121,bulgur,nuts/seeds/grains,
109970,bun,other,
109971,buns,other,
108491,burdock roots,nuts/seeds/grains,
108053,burnt ends,other,
109871,burrata,other,
109230,butter,fats/oils,
108660,butter bean,nuts/seeds/grains,
109597,butter pecan,nuts/seeds/grains,
109973,buttered,other,
109724,butterfly pea extract,other,
108234,buttermilk,dairy,
108732,buttermilk fried,dairy,
109484,buttermilk ranch,dairy,
109974,butternut,other,
109063,butternut squash,vegetable,
108342,butterscotch,sweetener,
109975,béchamel sauce,other,
109222,cabbage,other,
109976,cabernet,other,
108268,cacao,nuts/seeds/grains,
109978,cacio,other,
108810,cactus,other,
109472,caesar,other,
109979,caesar dressing,other,
108166,cafe au lait,dairy,
109298,cage free,other,
108822,cajeta,sweetener,
109470,cajun,other,
108172,cake,sweetener,
109980,calabrian,other,
109981,calabrian chilli pepper,other,
108480,calamansi,fruit,
109982,calamari,other,
109983,calcium,other,
109984,caldo,other,
109985,camaron,other,
109986,campanelle,other,
109987,campari,other,
109507,canadian bacon,meat,
109204,candied,sweetener,
110437,candied bacon,other,
109595,candies,sweetener,
109412,candy,sweetener,
108809,cane juice,sweetener,
109405,cane sugar,sweetener,
109988,canned,other,
108109,cannellini bean,nuts/seeds/grains,
109760,canola oil,other,
108780,cantaloupe,fruit,
109761,capellini,other,
109762,capers,other,
109989,capicola,other,
109990,cappuccino,other,
109575,caramel,sweetener,
109529,caramelized,sweetener,
110894,caramelized banana,other,
109088,caramelized onion,other,
108260,caraway,nuts/seeds/grains,
109991,carbonara sauce,other,
108258,cardamom,other,
109175,carnita,other,
109992,carnitas,other,
108750,carob,other,
110904,carolina bbq,other,
109993,carpaccio,other,
107969,carrot,fortifier,
109763,casarecce,other,
109224,cashew,nuts/seeds/grains,
108134,cashew milk,nuts/seeds/grains,
108516,cassava,nuts/seeds/grains,
109518,catfish,other,
109227,cauliflower,other,
109288,cauliflower rice,nuts/seeds/grains,
109884,cavatappi,other,
108594,cayenne,other,
109994,cecina,other,
108524,celeriac,other,
108178,celery,other,
108226,cereal,nuts/seeds/grains,
109995,chai,other,
109996,chai latte,other,
109997,challah,other,
108187,chamomile,other,
108607,chamoy,other,
109152,champagne vinaigrette,fats/oils,
108536,chapulines,other,
109545,char grilled,other,
108823,charcoal,other,
109109,charcuterie,other,
109998,chardonnay,other,
109217,charred,other,
108653,charro bean,nuts/seeds/grains,
108520,chayote,fruit,
109394,cheddar,dairy,
108676,cheek,other,
109231,cheese,dairy,
109471,cheese sauce,dairy,
109418,cheese stick,dairy,
109273,cheesecake,dairy,
108608,chermoula,other,
109048,cherry,fruit,
109392,cherry tomato,fruit,
108859,chervil,other,
108140,chestnut,nuts/seeds/grains,
110969,chewy,other,
107963,chia,nuts/seeds/grains,
109112,chia pudding,nuts/seeds/grains,
108058,chicharron,fortifier,
110000,chicharrones,other,
110001,chicharrón,other,
900001,chicken,meat,
110441,chicken bacon,other,
109765,chicken breast,other,
108459,chicken salt,other,
109290,chicken sausage,other,
109766,chicken stock,other,
109526,chicken strip,fortifier,
109169,chicken thigh,fortifier,
109521,chicken wing,other,
109553,chickpea,nuts/seeds/grains,
115431,chickpea flour,other,
108626,chicory,other,
110002,chile,other,
110003,chiles,other,
110004,chili,other,
108811,chili crisp,fats/oils,
109141,chili lime,other,
108014,chili oil,fats/oils,
108967,chili pepper,fruit,
109767,chili powder,other,
110005,chilies,other,
110006,chilis,other,
110007,chilli pepper,other,
107996,chimichurri,other,
108489,chinese broccoli,vegetable,
110008,chip,other,
108430,chipotle,other,
109162,chipotle ranch,other,
111007,chipotle sauce,other,
110010,chips,other,
109128,chive,other,
109441,chocolate,sweetener,
109598,chocolate chip,sweetener,
109654,chocolate chunk,other,
108392,chocolate ganache,fats/oils,
108384,chocolate hazelnut,nuts/seeds/grains,
110013,chorizo,other,
110014,chorizo sausage,other,
109502,chuck,other,
108233,churro,sweetener,
108013,chutney,other,
109768,ciabatta,other,
110015,cider,other,
108431,cilantro,other,
108038,cilantro lime vinaigrette,fats/oils,
107962,cinnamon,other,
109403,cinnamon sugar,sweetener,
108525,cipollini onion,nuts/seeds/grains,
109730,citric acid,other,
108335,citrus,fruit,
109154,citrus dressing,fats/oils,
109084,clam,other,
109637,clementine,fruit,
109280,clove,other,
110017,club soda,other,
110018,cob,other,
110019,cochinita,other,
110020,cocoa,other,
107844,coconut,nuts/seeds/grains,
107891,coconut aminos,other,
108877,coconut butter,fats/oils,
107924,coconut chips,nuts/seeds/grains,
109711,coconut cream,other,
107972,coconut milk,other,
108019,coconut oil,other,
107923,coconut sugar,other,
107846,coconut water,other,
109496,cod,seafood,
109121,coffee,other,
110021,cointreau,other,
107845,cola,sweetener,
110022,cold brew,other,
111073,cold foam,other,
108213,cold press,fats/oils,
110023,cole,other,
110024,coleslaw,other,
107951,collagen,other,
107872,collard green,other,
110025,compote,other,
109332,compound butter,dairy,
109770,comté,other,
107922,condensed milk,dairy,
110027,condiment,other,
108087,confit,other,
109594,cookie,sweetener,
108341,cookie butter,nuts/seeds/grains,
107928,cookie dough,fats/oils,
109413,cookies,sweetener,
111101,cookies & cream,other,
108883,cordyceps,other,
108257,coriander,nuts/seeds/grains,
109380,corn,nuts/seeds/grains,
109440,corn nuts,nuts/seeds/grains,
110029,cornbread,other,
109508,corned beef,other,
108968,cornmeal,nuts/seeds/grains,
109772,cornstarch,other,
111114,costillas,other,
109773,cotija,other,
110030,cotija cheese,other,
110031,cottage,other,
108962,cottage cheese,dairy,
107836,cotton candy,sweetener,
109885,couscous,other,
109519,crab,other,
110033,crab cake,other,
109278,cracked pepper,other,
110034,cracker,other,
109420,crackers,nuts/seeds/grains,
108683,cracklings,fats/oils,
107971,cranberry,fruit,
110036,cranberry juice,other,
109126,cranberry sauce,fruit,
108063,crawfish,fortifier,
109228,cream,other,
108131,cream cheese,dairy,
109468,cream sauce,dairy,
109232,creamer,dairy,
111145,creamy avocado,other,
107993,crema,dairy,
110037,creme,other,
107997,creme fraiche,dairy,
110038,creole sauce,other,
110039,crimini,other,
107865,crimini mushroom,other,
110040,croissant,other,
110041,crostini,other,
110042,crouton,other,
110043,croutons,other,
110044,cruda,other,
111162,crunch,other,
111163,crunchy,other,
110046,crushed,other,
110047,crust,other,
110048,crème,other,
110049,cuban bread,other,
107838,cucumber,other,
108707,cultured,dairy,
108350,cultured butter,dairy,
109282,cumin,spice,
110050,curacao,other,
110051,curd,other,
110053,cured,other,
109398,cured ham,other,
108958,currant,fruit,
110054,curry,other,
109276,curry powder,other,
111182,curry sauce,other,
108973,curtido,other,
110055,custard,other,
110056,cutlet,other,
108990,dahi,dairy,
107885,daikon,other,
109307,dairy free,dairy,
111190,dal,other,
108492,dandelion,other,
109249,dark chocolate,sweetener,
107902,dashi,other,
107917,date syrup,sweetener,
107959,dates,fruit,
109543,deep fried,fats/oils,
108088,dehydrated,other,
107857,delicata squash,nuts/seeds/grains,
109577,delivery,other,
107920,demerara,sweetener,
110058,demi-glace,other,
108098,deviled,other,
110059,diet cola,other,
110060,dijon,other,
109478,dijon mustard,other,
109281,dill,other,
110061,dinner rolls,other,
108390,dipped in chocolate,other,
108351,dipping sauce,other,
110062,dirty chai,other,
110063,dirty soda,other,
109775,ditalini,other,
108685,diver scallop,other,
108970,dosa,nuts/seeds/grains,
109334,double chocolate,sweetener,
110445,double smoked bacon,other,
110065,dough,other,
107850,dragon fruit,fruit,
110066,dressing,other,
110067,dressings,other,
110068,dried,other,
109316,dried cranberry,fruit,
110069,drizzle,other,
111241,dubai chocolate,other,
108078,duck,fortifier,
108865,dukkah,nuts/seeds/grains,
108222,dulce de leche,sweetener,
110071,dumplings,other,
110072,dungeness,other,
108949,durian,fruit,
108314,durum,nuts/seeds/grains,
108812,earl grey,other,
108898,echinacea,other,
109066,edamame,nuts/seeds/grains,
108682,eel,other,
109525,egg,fortifier,
109610,egg white,fortifier,
109377,eggplant,other,
108272,elderberry,fruit,
108477,elderflower,other,
108292,electrolyte,fortifier,
108698,elk,other,
110074,elote,other,
110075,elotes,other,
109882,emmental,other,
110076,encebollado,other,
109210,encrusted,other,
108830,epazote,other,
110078,escabeche,other,
108526,escarole,other,
108636,espelette pepper,other,
108336,espresso,other,
110079,esquite,other,
110080,esquites,other,
108365,european style butter,dairy,
109649,evaporated milk,dairy,
110081,evoo,other,
109159,extra virgin,fats/oils,
109606,extra virgin olive oil,fats/oils,
108108,falafel,nuts/seeds/grains,
109778,farfalle,other,
108301,farm raised,other,
108120,farro,nuts/seeds/grains,
109614,fat free,fats/oils,
108493,fava bean,nuts/seeds/grains,
107881,fennel,vegetable,
108860,fenugreek,nuts/seeds/grains,
108089,fermented,other,
109640,feta,dairy,
109886,fettuccine,other,
111312,fiber,other,
108509,fiddlehead,other,
111315,fideo,other,
108322,fig,fruit,
110082,fig preserves,other,
110083,filet,other,
109181,filet mignon,other,
110084,filete,other,
110085,fillet,other,
110086,fillets,other,
110087,filling,other,
108960,finger limes,fruit,
110088,fingerling,other,
108820,fior di latte,dairy,
109213,fire roasted,not applicable,
900003,fish,seafood,
108679,fish head,other,
107906,fish sauce,other,
108248,five spice,other,
108100,flambeed,other,
110090,flank,other,
109174,flat iron steak,other,
110091,flatbread,other,
107961,flax,other,
108460,fleur de sel,other,
110093,flour,other,
111343,fluffy,other,
111344,foam,other,
108715,foamed,other,
109780,focaccia,other,
108091,fondue,other,
108924,fonio,nuts/seeds/grains,
109781,fontina,other,
110095,frappe,other,
109304,free range,other,
108721,freekeh,nuts/seeds/grains,
110096,french,other,
109601,french vanilla,sweetener,
109782,fresh mozzarella,other,
109589,fresh squeezed,fruit,
110097,fresno,other,
110098,fried calamari rings,other,
109096,fried mozzarella sticks,dairy,
108381,fried oreo,other,
110099,fried shrimp,other,
110100,fries,other,
110101,frites,other,
110102,frito,other,
110103,fritos,other,
110104,fritters,other,
109651,frosted,sweetener,
110105,frosting,other,
109442,frozen yogurt,dairy,
109414,fruit,fruit,
107823,fruit infused,fruit,
110106,fruit smoothie,other,
110107,fry,other,
109638,fudge,sweetener,
110108,funghi,other,
108242,furikake,nuts/seeds/grains,
109887,fusilli,other,
110109,gala,other,
108862,galangal,other,
110110,ganache,other,
108244,garam masala,other,
110111,garbanzo,other,
109783,garganelli,other,
109396,garlic,other,
110113,garlic aioli,other,
109643,garlic butter,fats/oils,
110114,garlic butter sauce,other,
109368,garlic salt,other,
110115,gelato,other,
109785,gemelli,other,
110116,genoa,other,
107980,ghee,fats/oils,
107988,ghost pepper,other,
107990,giardiniera,other,
108655,gigante bean,nuts/seeds/grains,
110117,gin,other,
107966,ginger,other,
109338,ginger snap,nuts/seeds/grains,
108252,ginseng,other,
110119,glaze,other,
110120,gluten,other,
109333,gluten free,nuts/seeds/grains,
109787,gnocchetti sardi,other,
108074,goat,fortifier,
108827,goat cheese,dairy,
108369,goat milk,dairy,
108857,gochugaru,other,
107908,gochujang,other,
108270,goji,fortifier,
107879,golden beet,vegetable,
108767,golden milk,other,
108316,golden raisin,fruit,
111451,gooey,other,
109788,gorgonzola,other,
109873,gouda,other,
110122,gouda cheese,other,
110123,graham,other,
108337,graham cracker,nuts/seeds/grains,
110125,grana,other,
109789,grana padano,other,
107967,granola,nuts/seeds/grains,
108588,grape,fruit,
111464,grape jelly,other,
110126,grape juice,other,
109388,grape tomato,fruit,
108343,grapefruit,fruit,
110127,grapefruit juice,other,
108371,grass fed,other,
108282,grass fed beef,fats/oils,
110128,grated,other,
110130,gravy,other,
109485,greek dressing,fats/oils,
108357,greek yogurt,dairy,
109386,green bean,fortifier,
108652,green chickpea,nuts/seeds/grains,
108437,green chile,other,
111484,green goddess,other,
107991,green goddess dressing,other,
108145,green juice,other,
109167,green lentil,nuts/seeds/grains,
109070,green olive,other,
108848,green peppercorn,other,
109492,green split pea,nuts/seeds/grains,
107964,green tea,other,
107866,green tomato,fruit,
108627,gremolata,other,
110133,grenadine,other,
110134,grilled salmon fillet,other,
109633,grits,nuts/seeds/grains,
109790,ground beef,other,
108253,ground mustard,other,
110135,gruyere,other,
110136,guac,other,
109466,guacamole,fruit,
110137,guajillo,other,
108012,guajillo pepper,other,
107900,guanciale,fats/oils,
108593,guarana,other,
108177,guava,fruit,
108429,gummy,stabilizers/emulsifiers,
111520,gut health,other,
110138,habanero,other,
109129,habanero pepper,other,
109192,haddock,fortifier,
108135,half and half,dairy,
109190,halibut,fortifier,
109791,halloumi,other,
109504,ham,other,
109430,hard boiled egg,fortifier,
109366,hard kombucha,other,
109676,hard seltzer,other,
109681,hard tea,other,
107864,haricot vert,other,
108003,harissa,other,
110140,hash,other,
110141,hashbrowns,other,
110142,hass,other,
109874,havarti,other,
110143,havarti cheese,other,
110144,hawaiian roll,other,
109236,hazelnut,nuts/seeds/grains,
109618,healthy,other,
107855,hearts of palm,other,
109644,heavy cream,dairy,
107859,heirloom,other,
107953,hemp,other,
108054,hemp seeds,fortifier,
109142,herb butter,fats/oils,
109158,herb dressing,other,
108474,herbs and spices beyond mint,other,
108798,heritage,other,
110146,hershey,other,
107829,hibiscus,other,
109464,hickory,other,
110448,hickory smoked bacon,other,
109299,high protein,fortifier,
107820,himalayan salt,other,
110148,hoagie roll,other,
108011,hoisin,other,
111576,hoisin sauce,other,
108829,hoja santa,other,
108826,hojicha,other,
109479,hollandaise,fats/oils,
108312,hominy,nuts/seeds/grains,
109002,honey,other,
108646,honey balsamic,sweetener,
109148,honey butter,fats/oils,
108604,honey dill,sweetener,
108036,honey dressing,sweetener,
111587,honey lavender,other,
109463,honey mustard,other,
108348,honeydew,fruit,
108165,horchata,nuts/seeds/grains,
108370,hormone free,other,
109139,horseradish,other,
109512,hot dog,other,
109149,hot honey,sweetener,
108704,hot pot,other,
109321,hot sauce,other,
109563,hot tea,other,
108085,house cured,other,
111609,house sauce,other,
108238,huckleberry,fruit,
108521,huitlacoche,other,
109424,hummus,nuts/seeds/grains,
111617,hydrating,other,
109555,ice cream,dairy,
110153,iceberg,other,
109570,iced tea,other,
110154,icing,other,
111625,icy,other,
108051,imitation crab,fortifier,
109200,infused,other,
107914,infused honey,sweetener,
108028,infused olive oil,fats/oils,
110450,irish bacon,other,
108964,irish cream,dairy,
110156,iron,other,
109603,italian,other,
109483,italian dressing,fats/oils,
109509,italian sausage,other,
108319,jackfruit,fruit,
108570,jaggery,sweetener,
110159,jalapeno,other,
110451,jalapeno bacon,other,
108803,jalapeno pepper,other,
109125,jalapeno ranch,other,
110160,jalapenos,other,
110162,jalapeños,other,
108237,jam,fruit,
110163,jamon,other,
109793,jarlsberg,other,
108182,jasmine,other,
109312,jasmine rice,nuts/seeds/grains,
109448,jelly,stabilizers/emulsifiers,
109135,jerk,other,
109514,jerky,other,
107877,jicama,other,
109565,juice,fruit,
110164,julienne,other,
108858,juniper,other,
108527,kabocha,fruit,
110165,kahlua,other,
110166,kaiser roll,other,
110167,kalamata,other,
109060,kalamata olive,fruit,
108180,kale,fortifier,
108705,karaage,other,
108617,karashi,other,
108934,kasha,nuts/seeds/grains,
109794,kasseri,other,
109795,kefalotyri,other,
108159,kefir,dairy,
109462,ketchup,other,
109105,kettle corn,nuts/seeds/grains,
108615,kewpie,other,
107839,key lime,fruit,
108083,kidney bean,nuts/seeds/grains,
109077,kimchi,other,
111696,kimchi mayo,other,
107970,kiwi,fruit,
108529,kohlrabi,other,
108555,koji,nuts/seeds/grains,
107897,kombu,other,
108154,kombucha,other,
108906,konjac,stabilizers/emulsifiers,
111707,korean bbq,other,
110170,korma sauce,other,
110171,kosher,other,
109045,kosher salt,other,
108773,kumquat,fruit,
109143,kung pao sauce,other,
108985,labneh,dairy,
107868,lacinato kale,vegetable,
107919,lactose,dairy,
108374,lady finger,vegetable,
110172,lager,other,
108071,lamb,fortifier,
108060,langostino,fortifier,
109796,lard,other,
111724,lardon,other,
108771,lassi,dairy,
110173,latte,other,
108169,lavender,other,
109064,leaf lettuce,other,
109069,leek,other,
110175,leeks,other,
108064,leg quarter,fortifier,
109272,lemon,fruit,
109134,lemon butter,fats/oils,
109658,lemon drop,other,
108006,lemon grass,other,
109605,lemon pepper,other,
108639,lemon pepper dressing,other,
109151,lemon vinaigrette,fats/oils,
107833,lemonade,fruit,
110176,lengua,other,
109168,lentil,nuts/seeds/grains,
109384,lettuce,other,
108723,lima bean,nuts/seeds/grains,
109120,lime,fruit,
108481,limeade,fruit,
110177,limone,other,
108951,lingonberry,fruit,
109888,linguine,other,
108899,lion's mane mushroom,other,
107854,little gem,other,
108079,liver,fortifier,
109522,lobster,fortifier,
110178,loin,other,
110179,lomo,other,
108144,london fog,other,
108504,long bean,nuts/seeds/grains,
108844,long pepper,other,
108517,lotus root,nuts/seeds/grains,
109616,low calorie,other,
109623,low fat,fats/oils,
109627,low sodium,other,
110182,lox,other,
111785,lucky charm,other,
108573,lucuma,fruit,
108591,lyche,fruit,
108326,lychee,fruit,
109653,m&m,sweetener,
108598,maca,fortifier,
109234,macadamia,nuts/seeds/grains,
108136,macadamia milk,nuts/seeds/grains,
108391,macaron,sweetener,
109889,macaroni,other,
108164,macchiato,dairy,
108852,mace,other,
108712,macerated,fruit,
110183,macha,other,
110184,machaca,other,
108514,mache,other,
108059,mackerel,other,
109003,madeleine,other,
109798,mafaldine,other,
107888,maggi,other,
110185,mahi,other,
109185,mahi mahi,other,
107856,maitake,other,
108846,makrut lime,fruit,
110187,malbec,other,
108360,malt,nuts/seeds/grains,
108349,malt vinegar,other,
110188,malted,other,
109876,manchego,other,
108610,manchurian,other,
109049,mandarin,fruit,
109318,mandarin orange,fruit,
109052,mango,fruit,
108649,mango dressing,fruit,
111830,mango habanero,other,
110189,mango juice,other,
111832,mango lassi,other,
108034,maple,sweetener,
110452,maple bacon,other,
109684,maple syrup,other,
108611,mapo,other,
109358,maraschino,fruit,
110192,marble,other,
108138,marcona almond,nuts/seeds/grains,
110193,margarita,other,
110194,marinade,other,
110195,marinaded,other,
109461,marinara,other,
110196,marinara sauce,other,
109531,marinated,other,
108243,marjoram,other,
108364,marmalade,fruit,
109130,marsala,other,
109642,marshmallow,sweetener,
110197,martini,other,
110198,marzano,other,
110199,masa,other,
108358,mascarpone,dairy,
110200,mash,other,
109540,mashed,other,
107899,matcha,other,
109449,mayo,fats/oils,
110201,mayonesa,other,
109800,mayonnaise,other,
108890,mct oil,fats/oils,
109040,mead,other,
109460,meat sauce,other,
109494,meatball,other,
110203,meatballs,other,
109506,meatloaf,other,
108483,melon,fruit,
108747,melon seed,nuts/seeds/grains,
111887,melted,other,
111888,melty,other,
110205,meringue,other,
110206,merlot,other,
109058,mesclun,other,
110207,mesquite,other,
108229,mexican chocolate,sweetener,
108158,mexican hot chocolate,other,
110209,mexican soda,other,
110210,meyer,other,
108325,meyer lemon,fruit,
110211,mezcal,other,
108267,micro green,other,
107853,microgreen,other,
109567,milk,other,
109341,milk chocolate,dairy,
110213,milkshake,other,
108722,millet,nuts/seeds/grains,
109665,mimosa,other,
110214,minced,other,
107828,mint,other,
109591,mint chocolate,sweetener,
108008,miso,nuts/seeds/grains,
109590,mixed berry,fruit,
109558,mixed nut,nuts/seeds/grains,
109122,mocha,other,
110217,mojarra,other,
110218,mojito,other,
107986,mojo,other,
111935,mojo sauce,other,
107998,molasses,sweetener,
108010,mole,other,
108435,mole bitters,other,
110219,mole poblano,other,
108684,monkfish,other,
109804,montasio,other,
110221,monterey,other,
109805,monterey jack,other,
108512,morel mushroom,other,
108887,moringa,fortifier,
110222,morita,other,
108628,mostarda,other,
110225,mozzarella,other,
109806,mozzarella di bufala,other,
109082,msg,other,
109807,muenster,other,
111960,muenster cheese,other,
109313,multi grain,grains,
110226,multigrain,other,
110227,multigrain bread,other,
108668,mung bean,nuts/seeds/grains,
108774,mushroom,other,
110454,mushroom bacon,other,
109085,mussel,other,
109450,mustard,other,
107858,mustard greens,other,
108240,mustard seed,nuts/seeds/grains,
110228,naan,other,
111980,nacho cheese,other,
110229,napa,other,
107851,napa cabbage,other,
109144,nashville hot,other,
108558,natto,nuts/seeds/grains,
109551,navy bean,nuts/seeds/grains,
107904,nduja,other,
109600,neapolitan,other,
110230,nectar,other,
109317,nectarine,fruit,
108900,nettle,other,
109195,new york strip,meat,
108162,nitro,other,
109309,no sugar added,sweetener,
108294,non-gmo,other,
110232,noodle,other,
110234,nopal,other,
108519,nopales,other,
109083,nori,other,
108547,nuoc cham,other,
110235,nut,other,
109628,nut free,other,
108345,nutella,nuts/seeds/grains,
108434,nutmeg,nuts/seeds/grains,
108295,nutrient-dense,other,
107893,nutritional yeast,fortifier,
108228,nuttella,nuts/seeds/grains,
110236,oak,other,
107974,oat,nuts/seeds/grains,
108308,oat bran,nuts/seeds/grains,
107954,oat milk,other,
108347,oatmeal,nuts/seeds/grains,
109877,oaxaca,other,
108067,octopus,fortifier,
107875,okra,other,
110237,old fashioned,other,
107941,olive,fats/oils,
108354,olive oil,fats/oils,
109809,olives,other,
109383,onion,other,
108186,oolong,other,
108231,orange,fruit,
109024,orange blossom,other,
108619,orange blossom water,other,
107834,orange cream,dairy,
110239,orange juice,other,
110240,orange marmalade,other,
109477,orange sauce,other,
108647,orange vinaigrette,fats/oils,
109810,orecchiette,other,
109602,oregano,other,
109596,oreo,sweetener,
109630,organic,other,
109328,organic milk,dairy,
109242,organic tea,other,
109811,orzo,other,
108062,oxtail,fortifier,
109079,oyster,other,
107903,oyster sauce,other,
109812,paccheri,other,
110242,padano,other,
109308,paleo,other,
107913,palm sugar,sweetener,
109550,pan fried,other,
109198,pancetta,fats/oils,
108776,pandan,other,
109897,paneer,other,
110244,panela,other,
109813,panko,other,
108854,papalo,other,
107973,papaya,fruit,
109814,pappardelle,other,
109020,paprika,other,
110245,parm,other,
110246,parma,other,
109395,parmesan,dairy,
108037,parmesan dressing,dairy,
110247,parmigiana,other,
110248,parmigiano,other,
109815,parmigiano reggiano,other,
108599,parsley,other,
107873,parsnip,other,
110249,pasilla,other,
108346,passion fruit,fruit,
109816,pasta,other,
109510,pastrami,other,
108368,pasture raised,other,
108293,pasture-raised,other,
110250,patties,other,
109376,pea,fortifier,
108048,pea protein,other,
108496,pea shoots,other,
107841,peach,fruit,
109552,peanut,nuts/seeds/grains,
109250,peanut butter,nuts/seeds/grains,
108998,peanut butter and jelly,nuts/seeds/grains,
108035,peanut dressing,fats/oils,
109131,peanut sauce,fats/oils,
107830,pear,fruit,
109360,pear cider,fruit,
109339,pecan,nuts/seeds/grains,
110253,pechuga,other,
107907,pecorino,dairy,
109818,pecorino romano,other,
109819,pecorino sardo,other,
110254,peel,other,
109890,penne,other,
109821,penne rigate,other,
110255,pepino,other,
109233,pepita,nuts/seeds/grains,
109378,pepper,other,
109878,pepper jack,other,
109023,peppercorn,other,
109164,peppercorn ranch,other,
110256,pepperjack,other,
109323,peppermint,other,
110257,pepperoncini,other,
109495,pepperoni,meat,
112134,peri peri,other,
108833,perilla,nuts/seeds/grains,
108303,pescatarian,other,
109451,pesto,nuts/seeds/grains,
110258,picadillo,other,
108674,picanha,meat,
110259,picante,other,
108805,pickle,other,
109057,pickled onion,other,
109286,pickled vegetable,other,
109822,pickles,other,
110260,pico,other,
109459,pico de gallo,other,
108994,pignoli,nuts/seeds/grains,
110262,pilaf,other,
110263,pilsner,other,
110264,pimento,other,
110265,pimiento,other,
110267,pina colada,other,
110268,pine,other,
108118,pine nut,nuts/seeds/grains,
108227,pineapple,fruit,
110269,pineapple juice,other,
108851,pink peppercorn,nuts/seeds/grains,
107817,pink salt,other,
110270,pinot,other,
110271,pinto,other,
109186,pinto bean,nuts/seeds/grains,
108124,pistachio,nuts/seeds/grains,
108128,pistachio milk,nuts/seeds/grains,
110273,pita,other,
109097,pita chip,nuts/seeds/grains,
109823,pizza dough,other,
110275,piña,other,
109303,plant based,not applicable,
108280,plant based egg,other,
109193,plant based meat,other,
108324,plantain,fruit,
107937,plantain chip,nuts/seeds/grains,
108488,plum,fruit,
110277,plátano,other,
109206,poached,other,
109138,poblano,other,
110278,poblanos,other,
108311,polenta,nuts/seeds/grains,
110279,pollock,other,
108344,pomegranate,fruit,
110280,pomegranate juice,other,
108025,pomegranate vinaigrette,fats/oils,
108479,pomelo,fruit,
110281,pomodoro,other,
107984,ponzu,other,
108824,popcorn,nuts/seeds/grains,
110282,poppers,other,
112223,popping,other,
110283,poppy,other,
109157,poppy seed dressing,fats/oils,
108696,porchetta,other,
110284,porcini,other,
109075,porcini mushroom,nuts/seeds/grains,
900002,pork,meat,
108076,pork belly,fortifier,
109505,pork chop,meat,
109515,pork loin,fortifier,
108057,pork rinds,fats/oils,
108693,pork shank,meat,
109196,pork shoulder,meat,
109511,pork tenderloin,fortifier,
110285,portabella,other,
110286,portobello,other,
109068,portobello mushroom,other,
109382,potato,nuts/seeds/grains,
110287,potato roll,other,
109706,potato starch,other,
110289,powder,other,
110290,powdered,other,
109657,powdered sugar,sweetener,
108359,praline,nuts/seeds/grains,
108689,prawn,fortifier,
108306,prebiotic,other,
107978,preserved lemon,other,
108394,pretzel,nuts/seeds/grains,
110291,pretzel bun,other,
110292,pretzels,other,
108176,prickly pear,fruit,
109516,prime rib,other,
109295,probiotic,other,
109076,prosciutto,fats/oils,
109194,proscuitto,meat,
110293,prosecco,other,
109621,protein,fortifier,
109437,protein shake,fortifier,
109879,provolone,other,
109434,pudding,dairy,
110294,pulled,other,
109513,pulled pork,other,
110295,pulpo,other,
107955,pumpkin,other,
109560,pumpkin seed,nuts/seeds/grains,
112280,pumpkin spice,other,
110296,puree,other,
110297,purée,other,
110298,puttanesca sauce,other,
108680,quail,meat,
110299,quesillo,other,
108133,queso,dairy,
109827,queso blanco,other,
109102,queso dip,dairy,
109880,queso fresco,other,
109170,quinoa,nuts/seeds/grains,
108700,rabbit,other,
108701,raclette,dairy,
107878,radicchio,other,
109379,radish,other,
110301,ragu,other,
108056,rainbow trout,fortifier,
109636,raisin,fruit,
108635,raita,dairy,
110303,rajas,other,
112312,ranch,other,
110304,ranch dressing,other,
109132,ranchero,other,
107827,raspberry,fruit,
109481,raspberry vinaigrette,fats/oils,
109829,ravioli,other,
108273,raw honey,sweetener,
108114,red bean,nuts/seeds/grains,
110305,red bull,other,
109074,red cabbage,vegetable,
109725,red dye 40,other,
108044,red lentil,nuts/seeds/grains,
109381,red onion,other,
109604,red pepper flakes,other,
108927,red rice,nuts/seeds/grains,
108389,red velvet,other,
108817,red wine,other,
109486,red wine vinaigrette,fats/oils,
109832,red wine vinegar,other,
110307,refried,other,
109491,refried bean,other,
110308,refritos,other,
110309,reggiano,other,
110310,relish,other,
110311,relleno,other,
107999,remoulade,other,
110312,reposado,other,
108323,rhubarb,other,
110313,rib,other,
110314,ribeye,other,
109497,ribeye steak,fortifier,
110315,rice,other,
109429,rice cake,nuts/seeds/grains,
107934,rice crackers,nuts/seeds/grains,
107960,rice milk,nuts/seeds/grains,
109833,rice noodles,other,
109320,rice vinegar,nuts/seeds/grains,
108361,ricotta,dairy,
109834,ricotta salata,other,
110316,riesling,other,
109835,rigatoni,other,
109498,roast beef,other,
110320,roasted turkey breast,other,
109836,robiola,other,
108458,rock salt,other,
108565,rock sugar,sweetener,
110322,roma,other,
109391,roma tomato,fruit,
108592,romaine,other,
108522,romanesco,other,
110323,romano,other,
107985,romesco,nuts/seeds/grains,
108185,rooibos,other,
107835,root beer,other,
107895,roquefort,dairy,
108781,rose,other,
108449,rose cider,fruit,
109000,rose water,other,
108816,rose wine,other,
108821,rosemary,other,
108620,rosewater,other,
109837,rotini,other,
109547,rotisserie,other,
110325,rub,other,
109209,rubbed,other,
110326,rum,other,
109599,rum raisin,fruit,
109155,russian,other,
109001,rye,nuts/seeds/grains,
110327,rye bread,other,
108622,saba,fruit,
108009,saffron,other,
108980,sage,other,
109393,salami,other,
110329,salchicha,other,
109523,salmon,fortifier,
108673,salmon belly,fats/oils,
108675,salmon skin,fats/oils,
109421,salsa,other,
108601,salsa macha,fats/oils,
110330,salsa roja,other,
109145,salsa verde,other,
110331,salsas,other,
109556,salted,other,
108425,salted caramel,sweetener,
107935,salted chocolate,other,
107981,sambal,other,
110332,sandwich,other,
110333,sangria,other,
108050,sardine,fortifier,
110334,sashimi,other,
110335,sauces,other,
108804,sauerkraut,other,
109500,sausage,meat,
109535,sauteed,other,
110336,sauvignon,other,
108005,savory jam,other,
107852,savoy cabbage,vegetable,
109390,scallion,other,
109078,scallop,other,
109838,scamorza,other,
110337,scampi,other,
109542,scrambled,other,
109189,sea bass,other,
108946,sea buckthorn,fruit,
108181,sea salt,other,
108367,seasonal,other,
109541,seasoned,other,
109021,seaweed,other,
112475,secret sauce,other,
109094,seeds,nuts/seeds/grains,
108115,seitan,nuts/seeds/grains,
109374,seltzer water,other,
108309,semolina,nuts/seeds/grains,
110340,serrano,other,
108070,serrano ham,fortifier,
109025,serrano pepper,other,
108356,sesame,nuts/seeds/grains,
109156,sesame ginger,nuts/seeds/grains,
109840,sesame oil,other,
109559,sesame seed,nuts/seeds/grains,
109067,shallot,other,
108041,shallot vinaigrette,fats/oils,
109205,shaved,other,
110341,sherry,other,
110342,shiitake,other,
109062,shiitake mushroom,nuts/seeds/grains,
107898,shimeji,other,
110343,shishito,other,
107887,shishito pepper,other,
108855,shiso,other,
108072,short rib,fortifier,
109655,shortbread,nuts/seeds/grains,
108623,shoyu,other,
110344,shredded,other,
109179,shredded beef,fortifier,
110345,shrimp,other,
110346,shroom,other,
110347,shrooms,other,
109022,shrub,other,
112518,signature sauce,other,
109089,simple syrup,sweetener,
109503,sirloin,fortifier,
110348,skewer,other,
110349,skewers,other,
109446,skim milk,dairy,
110350,skinless,other,
110351,skirt,other,
109183,skirt steak,other,
108633,skordalia,other,
110460,slab bacon,other,
110352,slaw,other,
109216,smashed,other,
110461,smoked bacon,other,
110353,smoked cheddar,other,
110354,smoked ham,other,
108256,smoked paprika,spice,
108461,smoked salt,other,
112549,smooth,other,
110355,smoothie,other,
108171,smore,sweetener,
108113,snap peas,nuts/seeds/grains,
110356,snapper,other,
108230,snickerdoodle,sweetener,
108123,snow pea,other,
108703,soaked,other,
109842,soba,other,
108052,sockeye salmon,fortifier,
110357,soda,other,
108637,sofrito,other,
109176,sole,other,
110358,sorbet,other,
108726,sorghum,nuts/seeds/grains,
108499,sorrel,other,
108130,sour cream,dairy,
109639,sourdough,nuts/seeds/grains,
108808,soursop,fruit,
109549,southern fried,other,
110360,soy,other,
107965,soy milk,other,
109285,soy protein,other,
109397,soy sauce,other,
108029,soy vinaigrette,fats/oils,
108045,soybean,nuts/seeds/grains,
107847,spa water,other,
109006,spaghett,nuts/seeds/grains,
110361,spaghetti,other,
107886,spaghetti squash,nuts/seeds/grains,
110362,spam,other,
108137,spanish peanuts,nuts/seeds/grains,
110364,sparkling juice,other,
109372,sparkling water,other,
112597,special sauce,other,
112599,speck,other,
108727,spelt,nuts/seeds/grains,
107837,spiced apple,fruit,
112609,spicy mayo,other,
112610,spicy ranch,other,
108184,spinach,fortifier,
108589,spirulina,fortifier,
108490,spring onion,other,
109373,spring water,other,
110368,sprinkle,other,
108220,spumoni,dairy,
110370,squash,other,
108494,squash blossom,other,
110371,squid,other,
108039,sriracha,other,
110372,steak,other,
109201,steel cut,nuts/seeds/grains,
109223,steel cut oat,nuts/seeds/grains,
109314,steel cut oats,nuts/seeds/grains,
108681,steelhead,other,
109215,stewed,other,
108310,sticky rice,nuts/seeds/grains,
109844,stilton,other,
109894,stock,other,
109214,stone ground,nuts/seeds/grains,
108000,stout,other,
109845,stracchino,other,
109053,strawberry,fruit,
112648,strawberry cream cheese spread,other,
110373,strawberry jam,other,
109329,strawberry milk,dairy,
110376,suadero,other,
109401,sugar,sweetener,
108355,sugar cookie,sweetener,
109626,sugar free,sweetener,
108241,sumac,other,
109220,sun dried,other,
109080,sun dried tomato,other,
108528,sunchoke,nuts/seeds/grains,
110377,sundried,other,
110378,sunflower,other,
109713,sunflower oil,other,
109226,sunflower seed,nuts/seeds/grains,
109300,superfood,fortifier,
109302,sustainable,other,
112682,sweet & sour sauce,other,
109578,sweet and savory,other,
109452,sweet and sour,other,
110379,sweet and sour sauce,other,
112686,sweet and spicy,other,
109147,sweet chili sauce,other,
108818,sweet corn,nuts/seeds/grains,
108223,sweet cream,dairy,
108125,sweet pea,other,
109389,sweet potato,nuts/seeds/grains,
108330,sweet tea,sweetener,
109331,sweetened condensed milk,dairy,
107871,swiss chard,other,
109881,swiss cheese,other,
109188,swordfish,fortifier,
110380,syrah,other,
110381,syrup,other,
108849,szechuan peppercorn,other,
109501,t-bone steak,meat,
108606,tadka,other,
109891,tagliatelle,other,
108002,tahini,nuts/seeds/grains,
108965,tahitian vanilla,other,
108259,tajin,other,
110383,tajín,other,
109847,taleggio,other,
110384,tamal,other,
107889,tamari,other,
108327,tamarind,fruit,
110385,tamarindo,other,
108095,tandoori,other,
109055,tangerine,fruit,
108004,tapenade,nuts/seeds/grains,
109704,tapioca starch,other,
109100,taquito,other,
108596,taro,nuts/seeds/grains,
108254,tarragon,other,
108648,tarragon dressing,other,
110386,tart,other,
108212,tart cherry,fruit,
109458,tartar,other,
110387,tartar sauce,other,
110388,tartare,other,
108714,tataki,other,
110389,tea,other,
110390,teas,other,
108112,tempeh,nuts/seeds/grains,
110465,tempeh bacon,other,
109203,tempura,other,
112741,tender,other,
110392,tenderloin,other,
110393,tequila,other,
109453,teriyaki,other,
110394,teriyaki chicken,other,
112748,teriyaki glaze,other,
110395,teriyaki sauce,other,
112751,texas bbq,other,
110396,texas toast,other,
108007,thai basil,herbs/spices,
112755,thai chili sauce,other,
108216,thai tea,other,
110466,thick cut bacon,other,
110397,thigh,other,
109457,thousand island,other,
110399,thousand island dressing,other,
108432,thyme,other,
110400,tikka masala sauce,other,
109524,tilapia,other,
110401,tinga,other,
108329,tiramisu,dairy,
110402,tocino,other,
108387,toffee,sweetener,
109178,tofu,fortifier,
108249,togarashi,other,
109072,tomatillo,fruit,
110404,tomatillos,other,
108718,tomato,fruit,
110405,tomato basil sauce,other,
110406,tomato juice,other,
109086,tomato paste,other,
109850,tomato sauce,other,
108708,torched,other,
110407,toro,other,
108972,torshi,other,
109892,tortellini,other,
109852,tortiglioni,other,
110408,tortilla,other,
109426,tortilla chips,nuts/seeds/grains,
110409,tortillas,other,
110410,toscana,other,
108473,touch of spice,other,
108618,toum,other,
108814,tres leche,dairy,
109172,tri tip steak,meat,
108677,tripe,other,
109854,trofie,other,
109445,tropical,fruit,
109180,trout,other,
107901,truffle,other,
107818,truffle salt,other,
112814,truffle sauce,other,
108902,tulsi,other,
109114,tuna,fortifier,
109499,turkey,other,
109289,turkey bacon,fats/oils,
109612,turkey sausage,meat,
108175,turmeric,other,
107874,turnip,other,
108339,turtle,other,
109855,tvp,other,
109133,tzatziki,dairy,
107862,ube,other,
109856,udon,other,
108956,ume,fruit,
110467,uncured bacon,other,
110411,unsweetened,other,
109857,valrhona chocolate,other,
109443,vanilla,other,
109271,vanilla bean,other,
108073,veal,fortifier,
107927,vegan cheese,other,
108579,vegan chocolate,sweetener,
108157,vegetable juice,other,
109858,vegetable oil,other,
109859,vegetable stock,other,
110412,veggie‑burger patty,other,
112855,velvety,other,
108699,venison,fortifier,
112857,verde sauce,other,
110414,vermouth,other,
109454,vinaigrette,fats/oils,
110415,vindaloo sauce,other,
109456,vinegar,other,
108436,violet,other,
110416,vitamin,other,
110417,vodka,other,
109137,vodka sauce,other,
108082,wagyu,fortifier,
108110,walnut,nuts/seeds/grains,
108127,walnut milk,nuts/seeds/grains,
108030,wasabi,other,
112877,wasabi mayo,other,
107880,water chestnut,nuts/seeds/grains,
108531,water spinach,other,
108271,watercress,other,
107840,watermelon,fruit,
108530,watermelon radish,other,
108506,wax bean,vegetable,
109635,wheat,nuts/seeds/grains,
109311,wheat bran,nuts/seeds/grains,
108595,wheatgrass,nuts/seeds/grains,
109608,whey,dairy,
109715,whey protein,other,
109119,whey protein powder,fortifier,
107952,whipped cream,dairy,
109136,whiskey,other,
108020,white balsamic vinaigrette,fats/oils,
112908,white bbq sauce,other,
108068,white bean,nuts/seeds/grains,
109251,white chocolate,dairy,
109270,white cranberry,fruit,
109520,white fish,other,
109279,white pepper,other,
109634,white rice,nuts/seeds/grains,
109861,white sesame,other,
109862,white vinegar,other,
109863,white wine,other,
109607,whole grain,nuts/seeds/grains,
109146,whole grain mustard,nuts/seeds/grains,
109447,whole milk,dairy,
108386,whoopie pie,sweetener,
108179,wild berry,fruit,
109225,wild rice,nuts/seeds/grains,
108340,wine,other,
108001,wine reduction,other,
109455,wine sauce,other,
109641,wine vinegar,other,
108777,winter melon,other,
108501,wintermelon,other,
110423,wontons,other,
109207,wood fired,other,
109202,wood smoked,other,
109399,worcestershire,other,
109544,wrapped,other,
110424,wraps,other,
107892,xo sauce,other,
109059,yam,nuts/seeds/grains,
108662,yellow lentil,nuts/seeds/grains,
110425,yellow mustard,other,
109864,yellow onion,other,
108043,yellow split pea,nuts/seeds/grains,
109073,yellow squash,other,
108510,yellow tomato,fruit,
108686,yellowfin tuna,fortifier,
108066,yellowtail,fortifier,
108276,yerba mate,other,
109229,yogurt,dairy,
109150,yogurt dressing,dairy,
110426,yolk,other,
108720,yuba,other,
110427,yuca,other,
110428,yucca,other,
110429,yukon,other,
112969,yum yum sauce,other,
107976,yuzu,fruit,
109893,za'atar,other,
108247,zaatar,nuts/seeds/grains,
110430,zest,other,
112973,zesty sauce,other,
112974,zhoug,other,
109865,ziti,other,
108104,zucchini,other,
